Metric,Treatment,Farm,Temperature,Day,K
CP,control,A,10,14,0.0205565232864191
CP,control,A,10,30,0.00937258268125479
CP,control,A,10,90,0.00234770927029627
NDF,control,A,10,30,0.00260516644212886
NDF,control,A,10,90,0.00245980930442027
VS,control,A,10,14,0.00224755141799096
VS,control,A,10,30,0.000960391862854633
VS,control,A,10,90,0.00206965608259243
Lipids,control,A,10,30,0.00135046502347247
Lipids,control,A,10,90,-0.00202521739664249
Hemicellulose,control,A,10,14,-0.00331334443408286
Hemicellulose,control,A,10,30,-0.00100671212889466
Hemicellulose,control,A,10,90,0.00103026089523949
Cellulose,control,A,10,14,0.0118189885715658
Cellulose,control,A,10,30,0.00978977325999568
Cellulose,control,A,10,90,0.00594443043788221
TS,control,A,10,14,0.00219236751893974
TS,control,A,10,30,0.000690327352842932
TS,control,A,10,90,0.00145128290205803
CP,control,A,10,14,0.0168468937164123
CP,control,A,10,30,0.00516237685878459
CP,control,A,10,90,0.00432641821053358
NDF,control,A,10,30,0.0142067734234718
NDF,control,A,10,90,0.00650173714577959
VS,control,A,10,14,0.0116440041733822
VS,control,A,10,30,0.00672897670998522
VS,control,A,10,90,0.00510771422849047
Lipids,control,A,10,30,0.00746159725059212
Lipids,control,A,10,90,0.00230419669365441
Hemicellulose,control,A,10,14,-0.00782080760102951
Hemicellulose,control,A,10,30,0.0103091753132104
Hemicellulose,control,A,10,90,0.00650847324848849
Cellulose,control,A,10,14,0.0119083646366872
Cellulose,control,A,10,30,0.0206267655872679
Cellulose,control,A,10,90,0.00835490201689917
TS,control,A,10,14,0.00878960064464235
TS,control,A,10,30,0.00474430132002301
TS,control,A,10,90,0.00352752839071593
CP,weekly flushing,A,10,14,0.0071303642279003
CP,weekly flushing,A,10,30,0.00805215432209136
CP,weekly flushing,A,10,90,0.000878135519656696
NDF,weekly flushing,A,10,30,0.0179010597940501
NDF,weekly flushing,A,10,90,0.00471006729646635
VS,weekly flushing,A,10,14,0.00782411322739816
VS,weekly flushing,A,10,30,0.0094698112627044
VS,weekly flushing,A,10,90,0.00371574983074528
Lipids,weekly flushing,A,10,30,0.00914336803065064
Lipids,weekly flushing,A,10,90,0.00115834399426021
Hemicellulose,weekly flushing,A,10,14,0.00681106878992058
Hemicellulose,weekly flushing,A,10,30,0.0147161074381016
Hemicellulose,weekly flushing,A,10,90,0.00360411393019578
Cellulose,weekly flushing,A,10,14,0.0211544526144386
Cellulose,weekly flushing,A,10,30,0.0265021081506999
Cellulose,weekly flushing,A,10,90,0.00855578961484835
TS,weekly flushing,A,10,14,0.00739362707501322
TS,weekly flushing,A,10,30,0.00614601831938373
TS,weekly flushing,A,10,90,0.00247272873314929
CP,weekly flushing,A,10,14,0.0132245792272398
CP,weekly flushing,A,10,30,0.00897384329306363
CP,weekly flushing,A,10,90,0.00219489261575099
NDF,weekly flushing,A,10,30,0.00481472764817854
NDF,weekly flushing,A,10,90,0.00239551407503581
VS,weekly flushing,A,10,14,0.000265573047013462
VS,weekly flushing,A,10,30,0.00226075263561292
VS,weekly flushing,A,10,90,0.00159415616411908
Lipids,weekly flushing,A,10,30,0.00944448864171128
Lipids,weekly flushing,A,10,90,0.000754675091458515
Hemicellulose,weekly flushing,A,10,14,-0.0022321879996722
Hemicellulose,weekly flushing,A,10,30,0.00181734385833636
Hemicellulose,weekly flushing,A,10,90,0.00174628479405876
Cellulose,weekly flushing,A,10,14,0.0142477094092087
Cellulose,weekly flushing,A,10,30,0.0116091620497993
Cellulose,weekly flushing,A,10,90,0.00488308308847652
TS,weekly flushing,A,10,14,0.00147909520511107
TS,weekly flushing,A,10,30,0.00136667017340591
TS,weekly flushing,A,10,90,0.00116523998809383
CP,control,A,17.5,14,0.0148708014796666
CP,control,A,17.5,30,0.0258299068715101
CP,control,A,17.5,90,0.0105181455144456
NDF,control,A,17.5,30,0.0177406333644404
NDF,control,A,17.5,90,0.00664181787778265
VS,control,A,17.5,14,0.0108708505165677
VS,control,A,17.5,30,0.0131396244888869
VS,control,A,17.5,90,0.00605552130388963
Lipids,control,A,17.5,30,0.00481572761251284
Lipids,control,A,17.5,90,0.00822892506900839
Hemicellulose,control,A,17.5,14,0.00111899161422687
Hemicellulose,control,A,17.5,30,0.0133645230701306
Hemicellulose,control,A,17.5,90,0.00646984534342403
Cellulose,control,A,17.5,14,0.0406032422549722
Cellulose,control,A,17.5,30,0.0298555038220326
Cellulose,control,A,17.5,90,0.00877970979939419
TS,control,A,17.5,14,0.00630155491809222
TS,control,A,17.5,30,0.00809411437810249
TS,control,A,17.5,90,0.00389153766452071
CP,control,A,17.5,14,0.00871793789108814
CP,control,A,17.5,30,0.0144982702263672
CP,control,A,17.5,90,0.0057041975953598
NDF,control,A,17.5,30,0.019389399901808
NDF,control,A,17.5,90,0.00597401162046997
VS,control,A,17.5,14,0.0213639462500598
VS,control,A,17.5,30,0.0122182640277813
VS,control,A,17.5,90,0.00475314040524958
Lipids,control,A,17.5,30,0.0122102527537912
Lipids,control,A,17.5,90,0.00864722827172465
Hemicellulose,control,A,17.5,14,0.0263703572666423
Hemicellulose,control,A,17.5,30,0.014389301141327
Hemicellulose,control,A,17.5,90,0.00634805097553342
Cellulose,control,A,17.5,14,0.0529408260702197
Cellulose,control,A,17.5,30,0.0298213414070383
Cellulose,control,A,17.5,90,0.00666953183720432
TS,control,A,17.5,14,0.0134409281151942
TS,control,A,17.5,30,0.00792620913072886
TS,control,A,17.5,90,0.00331580777063216
CP,weekly flushing,A,17.5,14,0.0204591009543052
CP,weekly flushing,A,17.5,30,0.0102715688553452
CP,weekly flushing,A,17.5,90,0.00396761537058492
NDF,weekly flushing,A,17.5,30,0.0149643026495691
NDF,weekly flushing,A,17.5,90,0.00498802504893952
VS,weekly flushing,A,17.5,14,0.0231942905257268
VS,weekly flushing,A,17.5,30,0.00994662306439087
VS,weekly flushing,A,17.5,90,0.00362221896720273
Lipids,weekly flushing,A,17.5,30,0.00852279149876964
Lipids,weekly flushing,A,17.5,90,0.00211195531929363
Hemicellulose,weekly flushing,A,17.5,14,0.0333242533201073
Hemicellulose,weekly flushing,A,17.5,30,0.0111436189395741
Hemicellulose,weekly flushing,A,17.5,90,0.00541971035426037
Cellulose,weekly flushing,A,17.5,14,0.0571184996394618
Cellulose,weekly flushing,A,17.5,30,0.0260722561104668
Cellulose,weekly flushing,A,17.5,90,0.00642115910582732
TS,weekly flushing,A,17.5,14,0.0138096909061199
TS,weekly flushing,A,17.5,30,0.00603965146412409
TS,weekly flushing,A,17.5,90,0.00235040796337451
CP,weekly flushing,A,17.5,14,0.0201674105217804
CP,weekly flushing,A,17.5,30,0.0145849070250664
CP,weekly flushing,A,17.5,90,0.00346815812507604
NDF,weekly flushing,A,17.5,30,0.014455691159552
NDF,weekly flushing,A,17.5,90,0.00247535626331721
VS,weekly flushing,A,17.5,14,0.00576101737428514
VS,weekly flushing,A,17.5,30,0.00909879840770757
VS,weekly flushing,A,17.5,90,0.00276460043792791
Lipids,weekly flushing,A,17.5,30,0.0113517160277743
Lipids,weekly flushing,A,17.5,90,0.00446130673348048
Hemicellulose,weekly flushing,A,17.5,14,4.28205372582302e-05
Hemicellulose,weekly flushing,A,17.5,30,0.0110801637742023
Hemicellulose,weekly flushing,A,17.5,90,0.00332399674238857
Cellulose,weekly flushing,A,17.5,14,0.0249256017230248
Cellulose,weekly flushing,A,17.5,30,0.0256016664212551
Cellulose,weekly flushing,A,17.5,90,0.00248727645796307
TS,weekly flushing,A,17.5,14,0.00317253343883547
TS,weekly flushing,A,17.5,30,0.00556182219230562
TS,weekly flushing,A,17.5,90,0.00182904140164757
CP,control,A,25,14,0.032930343785123
CP,control,A,25,30,0.0243997227696979
CP,control,A,25,90,0.0177120695943414
NDF,control,A,25,30,0.0192937747910566
NDF,control,A,25,90,0.00725017650317485
VS,control,A,25,14,0.026148646932525
VS,control,A,25,30,0.0176971532704539
VS,control,A,25,90,0.00956517778260532
Lipids,control,A,25,30,0.0166114177491815
Lipids,control,A,25,90,0.0132778629386002
Hemicellulose,control,A,25,14,0.028753370397811
Hemicellulose,control,A,25,30,0.0146600060944481
Hemicellulose,control,A,25,90,0.00760303094901127
Cellulose,control,A,25,14,0.0558066935057475
Cellulose,control,A,25,30,0.0305514865034197
Cellulose,control,A,25,90,0.00809806744346922
TS,control,A,25,14,0.0160906727753568
TS,control,A,25,30,0.0106344607615425
TS,control,A,25,90,0.00625727472450067
CP,control,A,25,14,0.0294172629215239
CP,control,A,25,30,0.0201723662218035
CP,control,A,25,90,0.00932671324119628
NDF,control,A,25,30,0.0258497448910358
NDF,control,A,25,90,0.00705147960436786
VS,control,A,25,14,0.0271012377527078
VS,control,A,25,30,0.0204905983652271
VS,control,A,25,90,0.00807353617629954
Lipids,control,A,25,30,0.0206038321045995
Lipids,control,A,25,90,0.0134009081867127
Hemicellulose,control,A,25,14,0.0283288762341587
Hemicellulose,control,A,25,30,0.0233915478487349
Hemicellulose,control,A,25,90,0.00674560143677312
Cellulose,control,A,25,14,0.0513116453494067
Cellulose,control,A,25,30,0.0317096389952749
Cellulose,control,A,25,90,0.00852292939493382
TS,control,A,25,14,0.0176526432928812
TS,control,A,25,30,0.012775988449881
TS,control,A,25,90,0.00417979744296533
CP,weekly flushing,A,25,14,0.015986908756413
CP,weekly flushing,A,25,30,0.0268578830784672
CP,weekly flushing,A,25,90,0.00856683696099436
NDF,weekly flushing,A,25,30,0.0214554231569321
NDF,weekly flushing,A,25,90,0.00805842785503243
VS,weekly flushing,A,25,14,0.0201507971367522
VS,weekly flushing,A,25,30,0.0154853307443827
VS,weekly flushing,A,25,90,0.00711411569299216
Lipids,weekly flushing,A,25,30,0.0111300709077278
Lipids,weekly flushing,A,25,90,0.0127446881624721
Hemicellulose,weekly flushing,A,25,14,0.0290441683961822
Hemicellulose,weekly flushing,A,25,30,0.0166788525317444
Hemicellulose,weekly flushing,A,25,90,0.00828549649815422
Cellulose,weekly flushing,A,25,14,0.050136060134713
Cellulose,weekly flushing,A,25,30,0.0342947294004218
Cellulose,weekly flushing,A,25,90,0.00971723063876643
TS,weekly flushing,A,25,14,0.0124347856543791
TS,weekly flushing,A,25,30,0.00975677363029247
TS,weekly flushing,A,25,90,0.00465406469416105
CP,weekly flushing,A,25,14,0.0293293684425275
CP,weekly flushing,A,25,30,0.0228560609132726
CP,weekly flushing,A,25,90,0.0117116330486706
NDF,weekly flushing,A,25,30,0.0181449187695374
NDF,weekly flushing,A,25,90,0.00473099882044598
VS,weekly flushing,A,25,14,0.0157394923052759
VS,weekly flushing,A,25,30,0.0132071173486357
VS,weekly flushing,A,25,90,0.00503839314924684
Lipids,weekly flushing,A,25,30,0.0112481020492271
Lipids,weekly flushing,A,25,90,0.0127688714657653
Hemicellulose,weekly flushing,A,25,14,0.017253550563817
Hemicellulose,weekly flushing,A,25,30,0.0150345019067036
Hemicellulose,weekly flushing,A,25,90,0.00480044236766926
Cellulose,weekly flushing,A,25,14,0.0414173324390109
Cellulose,weekly flushing,A,25,30,0.0265623501055763
Cellulose,weekly flushing,A,25,90,0.0064669935439884
TS,weekly flushing,A,25,14,0.00953719607189723
TS,weekly flushing,A,25,30,0.00819259912795236
TS,weekly flushing,A,25,90,0.00347884009195899
CP,control,B,10,14,0.0319733293320717
CP,control,B,10,30,0.0186139048082755
CP,control,B,10,90,0.00367330610336816
NDF,control,B,10,30,0.00458171245542447
NDF,control,B,10,90,0.00370894130975882
VS,control,B,10,14,-0.00350944979801257
VS,control,B,10,30,0.00225833814824316
VS,control,B,10,90,0.000707981625295972
Lipids,control,B,10,30,4.03267927427391e-05
Lipids,control,B,10,90,-0.00195086168184957
Hemicellulose,control,B,10,30,0.00408026582758698
Hemicellulose,control,B,10,90,0.00391644596979563
Cellulose,control,B,10,30,0.00708978731968918
Cellulose,control,B,10,90,0.00535255723356712
TS,control,B,10,14,-0.0039758830811108
TS,control,B,10,30,0.000843655465391967
TS,control,B,10,90,0.000154434120269335
CP,control,B,10,14,0.0322096814383515
CP,control,B,10,30,0.028572190144554
CP,control,B,10,90,0.0111399779008377
NDF,control,B,10,30,0.00426685808541954
NDF,control,B,10,90,0.00341699372564987
VS,control,B,10,14,-0.00348998576698193
VS,control,B,10,30,0.00304692806316296
VS,control,B,10,90,0.00141929376712355
Lipids,control,B,10,30,0.00309638637281609
Lipids,control,B,10,90,-0.000152532188977472
Hemicellulose,control,B,10,30,0.00476484321156892
Hemicellulose,control,B,10,90,0.00354845377980072
Cellulose,control,B,10,30,0.00410519712775252
Cellulose,control,B,10,90,0.00511098623415951
TS,control,B,10,14,-0.00362390853828242
TS,control,B,10,30,0.00134673829400865
TS,control,B,10,90,0.000593823771926134
CP,weekly flushing,B,10,14,0.0722675923461689
CP,weekly flushing,B,10,30,0.0152975805081261
CP,weekly flushing,B,10,90,0.00398695045814069
NDF,weekly flushing,B,10,30,0.00713450625157285
NDF,weekly flushing,B,10,90,0.00469434428004582
VS,weekly flushing,B,10,14,0.00231921816731695
VS,weekly flushing,B,10,30,0.00718529594734337
VS,weekly flushing,B,10,90,0.00219540707239926
Lipids,weekly flushing,B,10,30,0.00495911121188419
Lipids,weekly flushing,B,10,90,-0.000218766935028529
Hemicellulose,weekly flushing,B,10,30,0.00599598672354903
Hemicellulose,weekly flushing,B,10,90,0.0050156197199553
Cellulose,weekly flushing,B,10,30,0.0105240890873695
Cellulose,weekly flushing,B,10,90,0.00715275390692751
TS,weekly flushing,B,10,14,0.000174915408018203
TS,weekly flushing,B,10,30,0.00383659867418059
TS,weekly flushing,B,10,90,0.0010853777982775
CP,weekly flushing,B,10,14,0.0484368698713587
CP,weekly flushing,B,10,30,0.0244443507264096
CP,weekly flushing,B,10,90,0.00255365680392512
NDF,weekly flushing,B,10,30,0.00311728558295589
NDF,weekly flushing,B,10,90,0.00394395409304108
VS,weekly flushing,B,10,14,-0.00688108449060202
VS,weekly flushing,B,10,30,0.00246841476210499
VS,weekly flushing,B,10,90,0.00132493006425709
Lipids,weekly flushing,B,10,30,-0.00361013154138644
Lipids,weekly flushing,B,10,90,-0.0030891417200923
Hemicellulose,weekly flushing,B,10,30,0.00276646037809216
Hemicellulose,weekly flushing,B,10,90,0.00374250935202873
Cellulose,weekly flushing,B,10,30,0.00519356945091793
Cellulose,weekly flushing,B,10,90,0.00758300896419344
TS,weekly flushing,B,10,14,-0.0059996382377087
TS,weekly flushing,B,10,30,0.000757864347275458
TS,weekly flushing,B,10,90,0.000391134360753548
CP,control,B,17.5,14,0.0470401528783373
CP,control,B,17.5,30,0.0189894960886835
CP,control,B,17.5,90,0.00616739911113816
NDF,control,B,17.5,30,0.0131861926100466
NDF,control,B,17.5,90,0.00379278307427149
VS,control,B,17.5,14,0.00275079683484436
VS,control,B,17.5,30,0.00544866567330303
VS,control,B,17.5,90,0.00327432869952966
Lipids,control,B,17.5,30,-0.00269064646876861
Lipids,control,B,17.5,90,0.000237789563940598
Hemicellulose,control,B,17.5,30,0.014091974992512
Hemicellulose,control,B,17.5,90,0.00418182863716682
Cellulose,control,B,17.5,30,0.0147507499679648
Cellulose,control,B,17.5,90,0.0057189516944365
TS,control,B,17.5,14,-0.000256834375323972
TS,control,B,17.5,30,0.00290486551892819
TS,control,B,17.5,90,0.00165701213911788
CP,control,B,17.5,14,0.0421626293565315
CP,control,B,17.5,30,0.0263047982544809
CP,control,B,17.5,90,0.00372367303031357
NDF,control,B,17.5,30,0.00802453649749215
NDF,control,B,17.5,90,0.00252757436490516
VS,control,B,17.5,14,-0.00274258734682587
VS,control,B,17.5,30,0.00565003559487787
VS,control,B,17.5,90,0.00297672268398225
Lipids,control,B,17.5,30,0.0018588627402289
Lipids,control,B,17.5,90,0.001117247949249
Hemicellulose,control,B,17.5,30,0.00820345295488378
Hemicellulose,control,B,17.5,90,0.0031406822795826
Cellulose,control,B,17.5,30,0.0115180389659202
Cellulose,control,B,17.5,90,0.00375893734314915
TS,control,B,17.5,14,-0.00394850724478546
TS,control,B,17.5,30,0.00304246769641355
TS,control,B,17.5,90,0.00148820733193334
CP,weekly flushing,B,17.5,14,0.0555990741493712
CP,weekly flushing,B,17.5,30,0.040025835266809
CP,weekly flushing,B,17.5,90,0.00983767155193694
NDF,weekly flushing,B,17.5,30,0.0105038244738826
NDF,weekly flushing,B,17.5,90,0.00841933712820913
VS,weekly flushing,B,17.5,14,0.0028488140247671
VS,weekly flushing,B,17.5,30,0.00964937373243637
VS,weekly flushing,B,17.5,90,0.00387131435605213
Lipids,weekly flushing,B,17.5,30,0.00744281279642115
Lipids,weekly flushing,B,17.5,90,0.000828638468295451
Hemicellulose,weekly flushing,B,17.5,30,0.00895157826739815
Hemicellulose,weekly flushing,B,17.5,90,0.00856601525757931
Cellulose,weekly flushing,B,17.5,30,0.0174994163869251
Cellulose,weekly flushing,B,17.5,90,0.0109501097210679
TS,weekly flushing,B,17.5,14,0.000412499060085097
TS,weekly flushing,B,17.5,30,0.00551467180344562
TS,weekly flushing,B,17.5,90,0.00226106600150761
CP,weekly flushing,B,17.5,14,0.0190308575619145
CP,weekly flushing,B,17.5,30,0.0379075947714736
CP,weekly flushing,B,17.5,90,0.00818858381685877
NDF,weekly flushing,B,17.5,30,0.00934969843300383
NDF,weekly flushing,B,17.5,90,0.00446062401435864
VS,weekly flushing,B,17.5,14,-0.00326225516072178
VS,weekly flushing,B,17.5,30,0.00692126506819962
VS,weekly flushing,B,17.5,90,0.00370600066601411
Lipids,weekly flushing,B,17.5,30,0.00330254161102442
Lipids,weekly flushing,B,17.5,90,-0.000549650328178937
Hemicellulose,weekly flushing,B,17.5,30,0.00908039926261018
Hemicellulose,weekly flushing,B,17.5,90,0.00361114124895202
Cellulose,weekly flushing,B,17.5,30,0.0143812070468591
Cellulose,weekly flushing,B,17.5,90,0.00904845268282186
TS,weekly flushing,B,17.5,14,-0.00392241045851275
TS,weekly flushing,B,17.5,30,0.00360787935024367
TS,weekly flushing,B,17.5,90,0.00184660390136804
CP,control,B,25,14,0.0375751987041025
CP,control,B,25,30,0.015091331569491
CP,control,B,25,90,0.0108805978731502
NDF,control,B,25,30,0.0201898736681427
NDF,control,B,25,90,0.00659899974244647
VS,control,B,25,14,0.00646634855803419
VS,control,B,25,30,0.00980631057643482
VS,control,B,25,90,0.00304160594072987
Lipids,control,B,25,30,0.00350886509081985
Lipids,control,B,25,90,-0.000861110824198575
Hemicellulose,control,B,25,30,0.0173193747876731
Hemicellulose,control,B,25,90,0.00483489190394196
Cellulose,control,B,25,30,0.0311031423020275
Cellulose,control,B,25,90,0.0123961656955945
TS,control,B,25,14,0.00139061285295826
TS,control,B,25,30,0.00513980962112016
TS,control,B,25,90,0.00164456127197084
CP,control,B,25,14,0.0872132537636188
CP,control,B,25,30,0.0242811011554103
CP,control,B,25,90,0.011138110753373
NDF,control,B,25,30,0.0106607173916509
NDF,control,B,25,90,0.00406474866440772
VS,control,B,25,14,0.00370992533691466
VS,control,B,25,30,0.0084643521132721
VS,control,B,25,90,0.00340969399605153
Lipids,control,B,25,30,0.00250619680520772
Lipids,control,B,25,90,0.000556675079612869
Hemicellulose,control,B,25,30,0.00932787384758441
Hemicellulose,control,B,25,90,0.00328941938299436
Cellulose,control,B,25,30,0.0151526279103886
Cellulose,control,B,25,90,0.00542640613530216
TS,control,B,25,14,0.000220613805058215
TS,control,B,25,30,0.00435855658056447
TS,control,B,25,90,0.00183422146082373
CP,weekly flushing,B,25,14,0.137892522850851
CP,weekly flushing,B,25,30,0.0276451482988911
CP,weekly flushing,B,25,90,0.00796339103064477
NDF,weekly flushing,B,25,30,0.0168657923871853
NDF,weekly flushing,B,25,90,0.00621932216581442
VS,weekly flushing,B,25,14,0.0162790870397889
VS,weekly flushing,B,25,30,0.0115496801564377
VS,weekly flushing,B,25,90,0.00455939398085623
Lipids,weekly flushing,B,25,30,0.00633591743589808
Lipids,weekly flushing,B,25,90,0.00132560291623403
Hemicellulose,weekly flushing,B,25,30,0.0146601315188288
Hemicellulose,weekly flushing,B,25,90,0.00427431727744971
Cellulose,weekly flushing,B,25,30,0.0250713298433957
Cellulose,weekly flushing,B,25,90,0.0138127018133632
TS,weekly flushing,B,25,14,0.00905290456372481
TS,weekly flushing,B,25,30,0.00649179106611765
TS,weekly flushing,B,25,90,0.00259077626773032
CP,weekly flushing,B,25,14,0.0897753972968945
CP,weekly flushing,B,25,30,0.0338528067130427
CP,weekly flushing,B,25,90,0.00788876925458801
NDF,weekly flushing,B,25,30,0.015226917290187
NDF,weekly flushing,B,25,90,0.00500702554311532
VS,weekly flushing,B,25,14,0.00859056124851229
VS,weekly flushing,B,25,30,0.00834528469777082
VS,weekly flushing,B,25,90,0.00384490848394131
Lipids,weekly flushing,B,25,30,-0.000679503690337105
Lipids,weekly flushing,B,25,90,0.00101517025913445
Hemicellulose,weekly flushing,B,25,30,0.0132803126495855
Hemicellulose,weekly flushing,B,25,90,0.00428248488839799
Cellulose,weekly flushing,B,25,30,0.0241472254179306
Cellulose,weekly flushing,B,25,90,0.00891865049215711
TS,weekly flushing,B,25,14,0.00277244808957754
TS,weekly flushing,B,25,30,0.00419468069617342
TS,weekly flushing,B,25,90,0.0019273891638944
CP,weekly flushing,C,17.5,30,-0.0021809586961319
CP,weekly flushing,C,17.5,90,0.00743929336288947
NDF,weekly flushing,C,17.5,30,0.00219760781691109
NDF,weekly flushing,C,17.5,90,0.000847048654529387
VS,weekly flushing,C,17.5,30,0.00521053444013318
VS,weekly flushing,C,17.5,90,0.00228963493678435
Lipids,weekly flushing,C,17.5,30,0.00672599960842849
Lipids,weekly flushing,C,17.5,90,0.000899777167297708
Hemicellulose,weekly flushing,C,17.5,30,0.00132556435651734
Hemicellulose,weekly flushing,C,17.5,90,0.000645036908945925
Cellulose,weekly flushing,C,17.5,30,0.00567241502715441
Cellulose,weekly flushing,C,17.5,90,0.00242015520930113
TS,weekly flushing,C,17.5,30,0.00340850547272751
TS,weekly flushing,C,17.5,90,0.00151834093626794
CP,weekly flushing,C,17.5,30,0.019300281038466
CP,weekly flushing,C,17.5,90,0.0109321152089181
NDF,weekly flushing,C,17.5,30,-0.000613634783510471
NDF,weekly flushing,C,17.5,90,0.00110209172387941
VS,weekly flushing,C,17.5,30,0.00749389199724405
VS,weekly flushing,C,17.5,90,0.00489180047056553
Lipids,weekly flushing,C,17.5,30,0.00567972293476884
Lipids,weekly flushing,C,17.5,90,0.00638886597573783
Hemicellulose,weekly flushing,C,17.5,30,-0.00910796169481402
Hemicellulose,weekly flushing,C,17.5,90,0.000802373204605869
Cellulose,weekly flushing,C,17.5,30,0.0286846369644531
Cellulose,weekly flushing,C,17.5,90,0.00304051823826881
TS,weekly flushing,C,17.5,30,0.00437228356939079
TS,weekly flushing,C,17.5,90,0.00280479151719008
CP,weekly flushing,D,17.5,30,0.0133898895923194
CP,weekly flushing,D,17.5,90,-0.00218151225026259
NDF,weekly flushing,D,17.5,30,0.001892733453518
NDF,weekly flushing,D,17.5,90,0.00214419395577863
VS,weekly flushing,D,17.5,30,0.00543917686493579
VS,weekly flushing,D,17.5,90,0.00293140483504773
Lipids,weekly flushing,D,17.5,30,0.00703542386391015
Lipids,weekly flushing,D,17.5,90,0.000582968523592083
Hemicellulose,weekly flushing,D,17.5,30,0.00263696596580901
Hemicellulose,weekly flushing,D,17.5,90,0.00281261614948644
Cellulose,weekly flushing,D,17.5,30,0.00361738644399728
Cellulose,weekly flushing,D,17.5,90,0.00269496188516337
TS,weekly flushing,D,17.5,30,0.00365935630103264
TS,weekly flushing,D,17.5,90,0.00202105474686447
CP,weekly flushing,D,17.5,30,-0.00134104018450312
CP,weekly flushing,D,17.5,90,0.0169075606043254
NDF,weekly flushing,D,17.5,30,0.00440201886120198
NDF,weekly flushing,D,17.5,90,0.00238921803376769
VS,weekly flushing,D,17.5,30,0.0041212787183014
VS,weekly flushing,D,17.5,90,0.00347457830605331
Lipids,weekly flushing,D,17.5,30,0.00240724450036989
Lipids,weekly flushing,D,17.5,90,0.00343173930286905
Hemicellulose,weekly flushing,D,17.5,30,0.00388036288379417
Hemicellulose,weekly flushing,D,17.5,90,0.00276952684542837
Cellulose,weekly flushing,D,17.5,30,0.00839538873917947
Cellulose,weekly flushing,D,17.5,90,0.00383052712950721
TS,weekly flushing,D,17.5,30,0.0029838514382901
TS,weekly flushing,D,17.5,90,0.00229784082124081
